dateRep,day,month,year,cases,deaths,countriesAndTerritories,geoId,countryterritoryCode,popData2020,continentExp
07/03/2022,7,3,2022,105259,10,Germany,DE,DEU,83166711,Europe
06/03/2022,6,3,2022,69925,6,Germany,DE,DEU,83166711,Europe
05/03/2022,5,3,2022,113421,4,Germany,DE,DEU,83166711,Europe
04/03/2022,4,3,2022,183199,16,Germany,DE,DEU,83166711,Europe
03/03/2022,3,3,2022,207841,31,Germany,DE,DEU,83166711,Europe
02/03/2022,2,3,2022,203005,44,Germany,DE,DEU,83166711,Europe
01/03/2022,1,3,2022,192361,55,Germany,DE,DEU,83166711,Europe
28/02/2022,28,2,2022,127071,62,Germany,DE,DEU,83166711,Europe
27/02/2022,27,2,2022,55019,18,Germany,DE,DEU,83166711,Europe
26/02/2022,26,2,2022,108152,36,Germany,DE,DEU,83166711,Europe
25/02/2022,25,2,2022,170980,58,Germany,DE,DEU,83166711,Europe
24/02/2022,24,2,2022,189467,95,Germany,DE,DEU,83166711,Europe
23/02/2022,23,2,2022,207878,120,Germany,DE,DEU,83166711,Europe
22/02/2022,22,2,2022,217886,108,Germany,DE,DEU,83166711,Europe
21/02/2022,21,2,2022,138727,117,Germany,DE,DEU,83166711,Europe
20/02/2022,20,2,2022,63813,50,Germany,DE,DEU,83166711,Europe
19/02/2022,19,2,2022,118983,89,Germany,DE,DEU,83166711,Europe
18/02/2022,18,2,2022,178003,146,Germany,DE,DEU,83166711,Europe
17/02/2022,17,2,2022,212515,159,Germany,DE,DEU,83166711,Europe
16/02/2022,16,2,2022,229446,185,Germany,DE,DEU,83166711,Europe
15/02/2022,15,2,2022,228427,167,Germany,DE,DEU,83166711,Europe
14/02/2022,14,2,2022,157967,156,Germany,DE,DEU,83166711,Europe
13/02/2022,13,2,2022,73749,74,Germany,DE,DEU,83166711,Europe
12/02/2022,12,2,2022,121311,103,Germany,DE,DEU,83166711,Europe
11/02/2022,11,2,2022,205644,168,Germany,DE,DEU,83166711,Europe
10/02/2022,10,2,2022,229522,202,Germany,DE,DEU,83166711,Europe
09/02/2022,9,2,2022,247164,203,Germany,DE,DEU,83166711,Europe
08/02/2022,8,2,2022,250239,218,Germany,DE,DEU,83166711,Europe
07/02/2022,7,2,2022,177823,182,Germany,DE,DEU,83166711,Europe
06/02/2022,6,2,2022,82600,81,Germany,DE,DEU,83166711,Europe
05/02/2022,5,2,2022,132862,120,Germany,DE,DEU,83166711,Europe
04/02/2022,4,2,2022,209419,155,Germany,DE,DEU,83166711,Europe
03/02/2022,3,2,2022,236201,173,Germany,DE,DEU,83166711,Europe
02/02/2022,2,2,2022,238670,214,Germany,DE,DEU,83166711,Europe
01/02/2022,1,2,2022,229735,193,Germany,DE,DEU,83166711,Europe
31/01/2022,31,1,2022,158031,160,Germany,DE,DEU,83166711,Europe
30/01/2022,30,1,2022,74027,59,Germany,DE,DEU,83166711,Europe
29/01/2022,29,1,2022,123106,108,Germany,DE,DEU,83166711,Europe
28/01/2022,28,1,2022,187134,145,Germany,DE,DEU,83166711,Europe
27/01/2022,27,1,2022,198189,133,Germany,DE,DEU,83166711,Europe
26/01/2022,26,1,2022,194049,149,Germany,DE,DEU,83166711,Europe
25/01/2022,25,1,2022,193036,158,Germany,DE,DEU,83166711,Europe
24/01/2022,24,1,2022,138942,131,Germany,DE,DEU,83166711,Europe
23/01/2022,23,1,2022,61737,65,Germany,DE,DEU,83166711,Europe
22/01/2022,22,1,2022,96067,76,Germany,DE,DEU,83166711,Europe
21/01/2022,21,1,2022,143802,120,Germany,DE,DEU,83166711,Europe
20/01/2022,20,1,2022,144397,116,Germany,DE,DEU,83166711,Europe
19/01/2022,19,1,2022,140144,106,Germany,DE,DEU,83166711,Europe
18/01/2022,18,1,2022,126738,111,Germany,DE,DEU,83166711,Europe
17/01/2022,17,1,2022,82849,130,Germany,DE,DEU,83166711,Europe
16/01/2022,16,1,2022,35611,48,Germany,DE,DEU,83166711,Europe
15/01/2022,15,1,2022,57161,68,Germany,DE,DEU,83166711,Europe
14/01/2022,14,1,2022,80790,97,Germany,DE,DEU,83166711,Europe
13/01/2022,13,1,2022,84118,98,Germany,DE,DEU,83166711,Europe
12/01/2022,12,1,2022,88458,99,Germany,DE,DEU,83166711,Europe
11/01/2022,11,1,2022,86104,114,Germany,DE,DEU,83166711,Europe
10/01/2022,10,1,2022,53772,95,Germany,DE,DEU,83166711,Europe
09/01/2022,9,1,2022,23722,42,Germany,DE,DEU,83166711,Europe
08/01/2022,8,1,2022,37054,63,Germany,DE,DEU,83166711,Europe
07/01/2022,7,1,2022,56011,108,Germany,DE,DEU,83166711,Europe
06/01/2022,6,1,2022,56379,107,Germany,DE,DEU,83166711,Europe
05/01/2022,5,1,2022,64552,143,Germany,DE,DEU,83166711,Europe
04/01/2022,4,1,2022,64475,180,Germany,DE,DEU,83166711,Europe
03/01/2022,3,1,2022,35866,144,Germany,DE,DEU,83166711,Europe
02/01/2022,2,1,2022,14544,61,Germany,DE,DEU,83166711,Europe
01/01/2022,1,1,2022,14217,50,Germany,DE,DEU,83166711,Europe
31/12/2021,31,12,2021,28970,97,Germany,DE,DEU,83166711,Europe
30/12/2021,30,12,2021,41437,180,Germany,DE,DEU,83166711,Europe
29/12/2021,29,12,2021,41680,189,Germany,DE,DEU,83166711,Europe
28/12/2021,28,12,2021,43336,213,Germany,DE,DEU,83166711,Europe
27/12/2021,27,12,2021,24485,164,Germany,DE,DEU,83166711,Europe
26/12/2021,26,12,2021,10421,81,Germany,DE,DEU,83166711,Europe
25/12/2021,25,12,2021,10432,77,Germany,DE,DEU,83166711,Europe
24/12/2021,24,12,2021,21898,120,Germany,DE,DEU,83166711,Europe
23/12/2021,23,12,2021,34990,206,Germany,DE,DEU,83166711,Europe
22/12/2021,22,12,2021,40943,235,Germany,DE,DEU,83166711,Europe
21/12/2021,21,12,2021,48282,279,Germany,DE,DEU,83166711,Europe
20/12/2021,20,12,2021,26957,221,Germany,DE,DEU,83166711,Europe
19/12/2021,19,12,2021,12227,104,Germany,DE,DEU,83166711,Europe
18/12/2021,18,12,2021,28541,175,Germany,DE,DEU,83166711,Europe
17/12/2021,17,12,2021,41266,296,Germany,DE,DEU,83166711,Europe
16/12/2021,16,12,2021,47304,305,Germany,DE,DEU,83166711,Europe
15/12/2021,15,12,2021,52435,355,Germany,DE,DEU,83166711,Europe
14/12/2021,14,12,2021,60226,381,Germany,DE,DEU,83166711,Europe
13/12/2021,13,12,2021,31613,286,Germany,DE,DEU,83166711,Europe
12/12/2021,12,12,2021,15539,136,Germany,DE,DEU,83166711,Europe
11/12/2021,11,12,2021,34673,276,Germany,DE,DEU,83166711,Europe
10/12/2021,10,12,2021,51161,380,Germany,DE,DEU,83166711,Europe
09/12/2021,9,12,2021,57715,382,Germany,DE,DEU,83166711,Europe
08/12/2021,8,12,2021,67245,421,Germany,DE,DEU,83166711,Europe
07/12/2021,7,12,2021,69333,437,Germany,DE,DEU,83166711,Europe
06/12/2021,6,12,2021,42543,388,Germany,DE,DEU,83166711,Europe
05/12/2021,5,12,2021,23099,206,Germany,DE,DEU,83166711,Europe
04/12/2021,4,12,2021,42531,313,Germany,DE,DEU,83166711,Europe
03/12/2021,3,12,2021,62557,415,Germany,DE,DEU,83166711,Europe
02/12/2021,2,12,2021,68070,461,Germany,DE,DEU,83166711,Europe
01/12/2021,1,12,2021,74018,480,Germany,DE,DEU,83166711,Europe
30/11/2021,30,11,2021,73602,490,Germany,DE,DEU,83166711,Europe
29/11/2021,29,11,2021,44390,410,Germany,DE,DEU,83166711,Europe
28/11/2021,28,11,2021,25538,187,Germany,DE,DEU,83166711,Europe
27/11/2021,27,11,2021,44928,356,Germany,DE,DEU,83166711,Europe
26/11/2021,26,11,2021,64058,469,Germany,DE,DEU,83166711,Europe
25/11/2021,25,11,2021,71914,470,Germany,DE,DEU,83166711,Europe
24/11/2021,24,11,2021,75735,506,Germany,DE,DEU,83166711,Europe
23/11/2021,23,11,2021,74532,548,Germany,DE,DEU,83166711,Europe
22/11/2021,22,11,2021,46648,460,Germany,DE,DEU,83166711,Europe
21/11/2021,21,11,2021,24779,211,Germany,DE,DEU,83166711,Europe
20/11/2021,20,11,2021,42336,244,Germany,DE,DEU,83166711,Europe
19/11/2021,19,11,2021,62525,448,Germany,DE,DEU,83166711,Europe
18/11/2021,18,11,2021,61260,483,Germany,DE,DEU,83166711,Europe
17/11/2021,17,11,2021,63208,448,Germany,DE,DEU,83166711,Europe
16/11/2021,16,11,2021,63031,468,Germany,DE,DEU,83166711,Europe
15/11/2021,15,11,2021,34596,335,Germany,DE,DEU,83166711,Europe
14/11/2021,14,11,2021,19079,174,Germany,DE,DEU,83166711,Europe
13/11/2021,13,11,2021,34025,263,Germany,DE,DEU,83166711,Europe
12/11/2021,12,11,2021,46070,342,Germany,DE,DEU,83166711,Europe
11/11/2021,11,11,2021,49779,401,Germany,DE,DEU,83166711,Europe
10/11/2021,10,11,2021,50885,359,Germany,DE,DEU,83166711,Europe
09/11/2021,9,11,2021,47158,397,Germany,DE,DEU,83166711,Europe
08/11/2021,8,11,2021,24282,294,Germany,DE,DEU,83166711,Europe
07/11/2021,7,11,2021,11876,128,Germany,DE,DEU,83166711,Europe
06/11/2021,6,11,2021,23775,170,Germany,DE,DEU,83166711,Europe
05/11/2021,5,11,2021,33745,274,Germany,DE,DEU,83166711,Europe
04/11/2021,4,11,2021,36478,309,Germany,DE,DEU,83166711,Europe
03/11/2021,3,11,2021,36126,317,Germany,DE,DEU,83166711,Europe
02/11/2021,2,11,2021,24395,293,Germany,DE,DEU,83166711,Europe
01/11/2021,1,11,2021,11487,154,Germany,DE,DEU,83166711,Europe
31/10/2021,31,10,2021,7459,107,Germany,DE,DEU,83166711,Europe
30/10/2021,30,10,2021,17087,145,Germany,DE,DEU,83166711,Europe
29/10/2021,29,10,2021,22587,198,Germany,DE,DEU,83166711,Europe
28/10/2021,28,10,2021,24348,226,Germany,DE,DEU,83166711,Europe
27/10/2021,27,10,2021,27314,217,Germany,DE,DEU,83166711,Europe
26/10/2021,26,10,2021,26369,203,Germany,DE,DEU,83166711,Europe
25/10/2021,25,10,2021,11866,160,Germany,DE,DEU,83166711,Europe
24/10/2021,24,10,2021,5177,57,Germany,DE,DEU,83166711,Europe
23/10/2021,23,10,2021,13298,142,Germany,DE,DEU,83166711,Europe
22/10/2021,22,10,2021,16668,174,Germany,DE,DEU,83166711,Europe
21/10/2021,21,10,2021,17294,186,Germany,DE,DEU,83166711,Europe
20/10/2021,20,10,2021,17987,152,Germany,DE,DEU,83166711,Europe
19/10/2021,19,10,2021,19162,184,Germany,DE,DEU,83166711,Europe
18/10/2021,18,10,2021,8144,136,Germany,DE,DEU,83166711,Europe
17/10/2021,17,10,2021,3411,42,Germany,DE,DEU,83166711,Europe
16/10/2021,16,10,2021,8490,58,Germany,DE,DEU,83166711,Europe
15/10/2021,15,10,2021,11152,104,Germany,DE,DEU,83166711,Europe
14/10/2021,14,10,2021,11336,91,Germany,DE,DEU,83166711,Europe
13/10/2021,13,10,2021,12070,92,Germany,DE,DEU,83166711,Europe
12/10/2021,12,10,2021,12641,103,Germany,DE,DEU,83166711,Europe
11/10/2021,11,10,2021,6251,79,Germany,DE,DEU,83166711,Europe
10/10/2021,10,10,2021,2636,37,Germany,DE,DEU,83166711,Europe
09/10/2021,9,10,2021,7023,49,Germany,DE,DEU,83166711,Europe
08/10/2021,8,10,2021,9216,70,Germany,DE,DEU,83166711,Europe
07/10/2021,7,10,2021,10137,79,Germany,DE,DEU,83166711,Europe
06/10/2021,6,10,2021,11108,95,Germany,DE,DEU,83166711,Europe
05/10/2021,5,10,2021,12216,92,Germany,DE,DEU,83166711,Europe
04/10/2021,4,10,2021,5666,59,Germany,DE,DEU,83166711,Europe
03/10/2021,3,10,2021,2649,26,Germany,DE,DEU,83166711,Europe
02/10/2021,2,10,2021,6153,50,Germany,DE,DEU,83166711,Europe
01/10/2021,1,10,2021,8389,64,Germany,DE,DEU,83166711,Europe
30/09/2021,30,9,2021,9497,65,Germany,DE,DEU,83166711,Europe
29/09/2021,29,9,2021,11383,81,Germany,DE,DEU,83166711,Europe
28/09/2021,28,9,2021,12650,66,Germany,DE,DEU,83166711,Europe
27/09/2021,27,9,2021,5765,62,Germany,DE,DEU,83166711,Europe
26/09/2021,26,9,2021,2642,25,Germany,DE,DEU,83166711,Europe
25/09/2021,25,9,2021,6350,42,Germany,DE,DEU,83166711,Europe
24/09/2021,24,9,2021,8404,57,Germany,DE,DEU,83166711,Europe
23/09/2021,23,9,2021,9084,53,Germany,DE,DEU,83166711,Europe
22/09/2021,22,9,2021,10454,59,Germany,DE,DEU,83166711,Europe
21/09/2021,21,9,2021,11255,57,Germany,DE,DEU,83166711,Europe
20/09/2021,20,9,2021,5412,57,Germany,DE,DEU,83166711,Europe
19/09/2021,19,9,2021,2779,22,Germany,DE,DEU,83166711,Europe
18/09/2021,18,9,2021,7039,37,Germany,DE,DEU,83166711,Europe
17/09/2021,17,9,2021,8890,54,Germany,DE,DEU,83166711,Europe
16/09/2021,16,9,2021,10260,51,Germany,DE,DEU,83166711,Europe
15/09/2021,15,9,2021,12227,82,Germany,DE,DEU,83166711,Europe
14/09/2021,14,9,2021,13383,76,Germany,DE,DEU,83166711,Europe
13/09/2021,13,9,2021,6875,58,Germany,DE,DEU,83166711,Europe
12/09/2021,12,9,2021,3280,25,Germany,DE,DEU,83166711,Europe
11/09/2021,11,9,2021,8566,56,Germany,DE,DEU,83166711,Europe
10/09/2021,10,9,2021,11137,71,Germany,DE,DEU,83166711,Europe
09/09/2021,9,9,2021,12389,73,Germany,DE,DEU,83166711,Europe
08/09/2021,8,9,2021,14157,60,Germany,DE,DEU,83166711,Europe
07/09/2021,7,9,2021,15126,88,Germany,DE,DEU,83166711,Europe
06/09/2021,6,9,2021,7016,70,Germany,DE,DEU,83166711,Europe
05/09/2021,5,9,2021,4051,23,Germany,DE,DEU,83166711,Europe
04/09/2021,4,9,2021,9483,56,Germany,DE,DEU,83166711,Europe
03/09/2021,3,9,2021,12064,67,Germany,DE,DEU,83166711,Europe
02/09/2021,2,9,2021,12726,79,Germany,DE,DEU,83166711,Europe
01/09/2021,1,9,2021,14731,71,Germany,DE,DEU,83166711,Europe
31/08/2021,31,8,2021,14570,77,Germany,DE,DEU,83166711,Europe
30/08/2021,30,8,2021,7081,54,Germany,DE,DEU,83166711,Europe
29/08/2021,29,8,2021,3751,29,Germany,DE,DEU,83166711,Europe
28/08/2021,28,8,2021,8401,52,Germany,DE,DEU,83166711,Europe
27/08/2021,27,8,2021,10403,53,Germany,DE,DEU,83166711,Europe
26/08/2021,26,8,2021,11624,48,Germany,DE,DEU,83166711,Europe
25/08/2021,25,8,2021,12720,59,Germany,DE,DEU,83166711,Europe
24/08/2021,24,8,2021,12897,55,Germany,DE,DEU,83166711,Europe
23/08/2021,23,8,2021,6570,48,Germany,DE,DEU,83166711,Europe
22/08/2021,22,8,2021,3104,21,Germany,DE,DEU,83166711,Europe
21/08/2021,21,8,2021,6827,27,Germany,DE,DEU,83166711,Europe
20/08/2021,20,8,2021,8839,35,Germany,DE,DEU,83166711,Europe
19/08/2021,19,8,2021,8671,36,Germany,DE,DEU,83166711,Europe
18/08/2021,18,8,2021,8764,44,Germany,DE,DEU,83166711,Europe
17/08/2021,17,8,2021,8915,37,Germany,DE,DEU,83166711,Europe
16/08/2021,16,8,2021,4518,21,Germany,DE,DEU,83166711,Europe
15/08/2021,15,8,2021,2073,13,Germany,DE,DEU,83166711,Europe
14/08/2021,14,8,2021,4633,20,Germany,DE,DEU,83166711,Europe
13/08/2021,13,8,2021,5788,18,Germany,DE,DEU,83166711,Europe
12/08/2021,12,8,2021,5440,28,Germany,DE,DEU,83166711,Europe
11/08/2021,11,8,2021,5646,22,Germany,DE,DEU,83166711,Europe
10/08/2021,10,8,2021,5560,24,Germany,DE,DEU,83166711,Europe
09/08/2021,9,8,2021,2927,18,Germany,DE,DEU,83166711,Europe
08/08/2021,8,8,2021,1136,5,Germany,DE,DEU,83166711,Europe
07/08/2021,7,8,2021,2792,14,Germany,DE,DEU,83166711,Europe
06/08/2021,6,8,2021,3533,17,Germany,DE,DEU,83166711,Europe
05/08/2021,5,8,2021,3534,16,Germany,DE,DEU,83166711,Europe
04/08/2021,4,8,2021,3549,11,Germany,DE,DEU,83166711,Europe
03/08/2021,3,8,2021,3754,11,Germany,DE,DEU,83166711,Europe
02/08/2021,2,8,2021,2118,12,Germany,DE,DEU,83166711,Europe
01/08/2021,1,8,2021,783,6,Germany,DE,DEU,83166711,Europe
31/07/2021,31,7,2021,1962,7,Germany,DE,DEU,83166711,Europe
30/07/2021,30,7,2021,2526,14,Germany,DE,DEU,83166711,Europe
29/07/2021,29,7,2021,2634,10,Germany,DE,DEU,83166711,Europe
28/07/2021,28,7,2021,2842,20,Germany,DE,DEU,83166711,Europe
27/07/2021,27,7,2021,3096,7,Germany,DE,DEU,83166711,Europe
26/07/2021,26,7,2021,1665,5,Germany,DE,DEU,83166711,Europe
25/07/2021,25,7,2021,640,1,Germany,DE,DEU,83166711,Europe
24/07/2021,24,7,2021,1593,10,Germany,DE,DEU,83166711,Europe
23/07/2021,23,7,2021,2120,4,Germany,DE,DEU,83166711,Europe
22/07/2021,22,7,2021,2222,5,Germany,DE,DEU,83166711,Europe
21/07/2021,21,7,2021,2290,7,Germany,DE,DEU,83166711,Europe
20/07/2021,20,7,2021,2335,9,Germany,DE,DEU,83166711,Europe
19/07/2021,19,7,2021,1429,4,Germany,DE,DEU,83166711,Europe
18/07/2021,18,7,2021,497,3,Germany,DE,DEU,83166711,Europe
17/07/2021,17,7,2021,1280,5,Germany,DE,DEU,83166711,Europe
16/07/2021,16,7,2021,1621,3,Germany,DE,DEU,83166711,Europe
15/07/2021,15,7,2021,1520,2,Germany,DE,DEU,83166711,Europe
14/07/2021,14,7,2021,1624,6,Germany,DE,DEU,83166711,Europe
13/07/2021,13,7,2021,1765,6,Germany,DE,DEU,83166711,Europe
12/07/2021,12,7,2021,796,4,Germany,DE,DEU,83166711,Europe
11/07/2021,11,7,2021,312,0,Germany,DE,DEU,83166711,Europe
10/07/2021,10,7,2021,790,5,Germany,DE,DEU,83166711,Europe
09/07/2021,9,7,2021,947,7,Germany,DE,DEU,83166711,Europe
08/07/2021,8,7,2021,960,2,Germany,DE,DEU,83166711,Europe
07/07/2021,7,7,2021,962,3,Germany,DE,DEU,83166711,Europe
06/07/2021,6,7,2021,1058,5,Germany,DE,DEU,83166711,Europe
05/07/2021,5,7,2021,552,2,Germany,DE,DEU,83166711,Europe
04/07/2021,4,7,2021,209,2,Germany,DE,DEU,83166711,Europe
03/07/2021,3,7,2021,508,2,Germany,DE,DEU,83166711,Europe
02/07/2021,2,7,2021,669,4,Germany,DE,DEU,83166711,Europe
01/07/2021,1,7,2021,707,5,Germany,DE,DEU,83166711,Europe
30/06/2021,30,6,2021,861,1,Germany,DE,DEU,83166711,Europe
29/06/2021,29,6,2021,898,6,Germany,DE,DEU,83166711,Europe
28/06/2021,28,6,2021,522,4,Germany,DE,DEU,83166711,Europe
27/06/2021,27,6,2021,224,2,Germany,DE,DEU,83166711,Europe
26/06/2021,26,6,2021,485,0,Germany,DE,DEU,83166711,Europe
25/06/2021,25,6,2021,738,6,Germany,DE,DEU,83166711,Europe
24/06/2021,24,6,2021,826,5,Germany,DE,DEU,83166711,Europe
23/06/2021,23,6,2021,903,3,Germany,DE,DEU,83166711,Europe
22/06/2021,22,6,2021,1062,9,Germany,DE,DEU,83166711,Europe
21/06/2021,21,6,2021,606,5,Germany,DE,DEU,83166711,Europe
20/06/2021,20,6,2021,274,2,Germany,DE,DEU,83166711,Europe
19/06/2021,19,6,2021,739,0,Germany,DE,DEU,83166711,Europe
18/06/2021,18,6,2021,1030,4,Germany,DE,DEU,83166711,Europe
17/06/2021,17,6,2021,1155,7,Germany,DE,DEU,83166711,Europe
16/06/2021,16,6,2021,1445,9,Germany,DE,DEU,83166711,Europe
15/06/2021,15,6,2021,1702,10,Germany,DE,DEU,83166711,Europe
14/06/2021,14,6,2021,933,14,Germany,DE,DEU,83166711,Europe
13/06/2021,13,6,2021,513,7,Germany,DE,DEU,83166711,Europe
12/06/2021,12,6,2021,1307,4,Germany,DE,DEU,83166711,Europe
11/06/2021,11,6,2021,1841,11,Germany,DE,DEU,83166711,Europe
10/06/2021,10,6,2021,2277,10,Germany,DE,DEU,83166711,Europe
09/06/2021,9,6,2021,2867,10,Germany,DE,DEU,83166711,Europe
08/06/2021,8,6,2021,3531,12,Germany,DE,DEU,83166711,Europe
07/06/2021,7,6,2021,1716,12,Germany,DE,DEU,83166711,Europe
06/06/2021,6,6,2021,1129,10,Germany,DE,DEU,83166711,Europe
05/06/2021,5,6,2021,2307,17,Germany,DE,DEU,83166711,Europe
04/06/2021,4,6,2021,2276,14,Germany,DE,DEU,83166711,Europe
03/06/2021,3,6,2021,2938,18,Germany,DE,DEU,83166711,Europe
02/06/2021,2,6,2021,4490,32,Germany,DE,DEU,83166711,Europe
01/06/2021,1,6,2021,5105,25,Germany,DE,DEU,83166711,Europe
31/05/2021,31,5,2021,2439,25,Germany,DE,DEU,83166711,Europe
30/05/2021,30,5,2021,1604,17,Germany,DE,DEU,83166711,Europe
29/05/2021,29,5,2021,3690,27,Germany,DE,DEU,83166711,Europe
28/05/2021,28,5,2021,5159,36,Germany,DE,DEU,83166711,Europe
27/05/2021,27,5,2021,6818,43,Germany,DE,DEU,83166711,Europe
26/05/2021,26,5,2021,7146,62,Germany,DE,DEU,83166711,Europe
25/05/2021,25,5,2021,3668,51,Germany,DE,DEU,83166711,Europe
24/05/2021,24,5,2021,1802,23,Germany,DE,DEU,83166711,Europe
23/05/2021,23,5,2021,2000,23,Germany,DE,DEU,83166711,Europe
22/05/2021,22,5,2021,5816,45,Germany,DE,DEU,83166711,Europe
21/05/2021,21,5,2021,7571,68,Germany,DE,DEU,83166711,Europe
20/05/2021,20,5,2021,8429,62,Germany,DE,DEU,83166711,Europe
19/05/2021,19,5,2021,11312,74,Germany,DE,DEU,83166711,Europe
18/05/2021,18,5,2021,12319,88,Germany,DE,DEU,83166711,Europe
17/05/2021,17,5,2021,5246,80,Germany,DE,DEU,83166711,Europe
16/05/2021,16,5,2021,4279,48,Germany,DE,DEU,83166711,Europe
15/05/2021,15,5,2021,8600,80,Germany,DE,DEU,83166711,Europe
14/05/2021,14,5,2021,7636,85,Germany,DE,DEU,83166711,Europe
13/05/2021,13,5,2021,9670,74,Germany,DE,DEU,83166711,Europe
12/05/2021,12,5,2021,16481,132,Germany,DE,DEU,83166711,Europe
11/05/2021,11,5,2021,16752,141,Germany,DE,DEU,83166711,Europe
10/05/2021,10,5,2021,7386,103,Germany,DE,DEU,83166711,Europe
09/05/2021,9,5,2021,5319,69,Germany,DE,DEU,83166711,Europe
08/05/2021,8,5,2021,12047,96,Germany,DE,DEU,83166711,Europe
07/05/2021,7,5,2021,15475,153,Germany,DE,DEU,83166711,Europe
06/05/2021,6,5,2021,17170,148,Germany,DE,DEU,83166711,Europe
05/05/2021,5,5,2021,20855,188,Germany,DE,DEU,83166711,Europe
04/05/2021,4,5,2021,20978,208,Germany,DE,DEU,83166711,Europe
03/05/2021,3,5,2021,9125,140,Germany,DE,DEU,83166711,Europe
02/05/2021,2,5,2021,6660,96,Germany,DE,DEU,83166711,Europe
01/05/2021,1,5,2021,15070,135,Germany,DE,DEU,83166711,Europe
30/04/2021,30,4,2021,19152,182,Germany,DE,DEU,83166711,Europe
29/04/2021,29,4,2021,21431,207,Germany,DE,DEU,83166711,Europe
28/04/2021,28,4,2021,25003,227,Germany,DE,DEU,83166711,Europe
27/04/2021,27,4,2021,25272,238,Germany,DE,DEU,83166711,Europe
26/04/2021,26,4,2021,12205,208,Germany,DE,DEU,83166711,Europe
25/04/2021,25,4,2021,8676,98,Germany,DE,DEU,83166711,Europe
24/04/2021,24,4,2021,18031,182,Germany,DE,DEU,83166711,Europe
23/04/2021,23,4,2021,22967,245,Germany,DE,DEU,83166711,Europe
22/04/2021,22,4,2021,25461,278,Germany,DE,DEU,83166711,Europe
21/04/2021,21,4,2021,29376,288,Germany,DE,DEU,83166711,Europe
20/04/2021,20,4,2021,27956,301,Germany,DE,DEU,83166711,Europe
19/04/2021,19,4,2021,12284,215,Germany,DE,DEU,83166711,Europe
18/04/2021,18,4,2021,8816,129,Germany,DE,DEU,83166711,Europe
17/04/2021,17,4,2021,17693,196,Germany,DE,DEU,83166711,Europe
16/04/2021,16,4,2021,23080,234,Germany,DE,DEU,83166711,Europe
15/04/2021,15,4,2021,25076,259,Germany,DE,DEU,83166711,Europe
14/04/2021,14,4,2021,28546,310,Germany,DE,DEU,83166711,Europe
13/04/2021,13,4,2021,26732,290,Germany,DE,DEU,83166711,Europe
12/04/2021,12,4,2021,12120,198,Germany,DE,DEU,83166711,Europe
11/04/2021,11,4,2021,8858,114,Germany,DE,DEU,83166711,Europe
10/04/2021,10,4,2021,18058,213,Germany,DE,DEU,83166711,Europe
09/04/2021,9,4,2021,23291,248,Germany,DE,DEU,83166711,Europe
08/04/2021,8,4,2021,25763,280,Germany,DE,DEU,83166711,Europe
07/04/2021,7,4,2021,23728,292,Germany,DE,DEU,83166711,Europe
06/04/2021,6,4,2021,11511,266,Germany,DE,DEU,83166711,Europe
05/04/2021,5,4,2021,7044,164,Germany,DE,DEU,83166711,Europe
04/04/2021,4,4,2021,7146,127,Germany,DE,DEU,83166711,Europe
03/04/2021,3,4,2021,10639,175,Germany,DE,DEU,83166711,Europe
02/04/2021,2,4,2021,15491,199,Germany,DE,DEU,83166711,Europe
01/04/2021,1,4,2021,21444,253,Germany,DE,DEU,83166711,Europe
31/03/2021,31,3,2021,23996,302,Germany,DE,DEU,83166711,Europe
30/03/2021,30,3,2021,20382,289,Germany,DE,DEU,83166711,Europe
29/03/2021,29,3,2021,10984,236,Germany,DE,DEU,83166711,Europe
28/03/2021,28,3,2021,7584,110,Germany,DE,DEU,83166711,Europe
27/03/2021,27,3,2021,15780,195,Germany,DE,DEU,83166711,Europe
26/03/2021,26,3,2021,20036,257,Germany,DE,DEU,83166711,Europe
25/03/2021,25,3,2021,21899,256,Germany,DE,DEU,83166711,Europe
24/03/2021,24,3,2021,22650,264,Germany,DE,DEU,83166711,Europe
23/03/2021,23,3,2021,19449,275,Germany,DE,DEU,83166711,Europe
22/03/2021,22,3,2021,8883,161,Germany,DE,DEU,83166711,Europe
21/03/2021,21,3,2021,5953,106,Germany,DE,DEU,83166711,Europe
20/03/2021,20,3,2021,13218,143,Germany,DE,DEU,83166711,Europe
19/03/2021,19,3,2021,15711,197,Germany,DE,DEU,83166711,Europe
18/03/2021,18,3,2021,16732,236,Germany,DE,DEU,83166711,Europe
17/03/2021,17,3,2021,18362,215,Germany,DE,DEU,83166711,Europe
16/03/2021,16,3,2021,15791,232,Germany,DE,DEU,83166711,Europe
15/03/2021,15,3,2021,6830,146,Germany,DE,DEU,83166711,Europe
14/03/2021,14,3,2021,4839,75,Germany,DE,DEU,83166711,Europe
13/03/2021,13,3,2021,10473,125,Germany,DE,DEU,83166711,Europe
12/03/2021,12,3,2021,12545,173,Germany,DE,DEU,83166711,Europe
11/03/2021,11,3,2021,13155,197,Germany,DE,DEU,83166711,Europe
10/03/2021,10,3,2021,13990,207,Germany,DE,DEU,83166711,Europe
09/03/2021,9,3,2021,11495,179,Germany,DE,DEU,83166711,Europe
08/03/2021,8,3,2021,4838,135,Germany,DE,DEU,83166711,Europe
07/03/2021,7,3,2021,3362,81,Germany,DE,DEU,83166711,Europe
06/03/2021,6,3,2021,8295,133,Germany,DE,DEU,83166711,Europe
05/03/2021,5,3,2021,9657,140,Germany,DE,DEU,83166711,Europe
04/03/2021,4,3,2021,10122,165,Germany,DE,DEU,83166711,Europe
03/03/2021,3,3,2021,11312,168,Germany,DE,DEU,83166711,Europe
02/03/2021,2,3,2021,10960,196,Germany,DE,DEU,83166711,Europe
01/03/2021,1,3,2021,4688,161,Germany,DE,DEU,83166711,Europe
28/02/2021,28,2,2021,3450,73,Germany,DE,DEU,83166711,Europe
27/02/2021,27,2,2021,7660,133,Germany,DE,DEU,83166711,Europe
26/02/2021,26,2,2021,9451,182,Germany,DE,DEU,83166711,Europe
25/02/2021,25,2,2021,9920,199,Germany,DE,DEU,83166711,Europe
24/02/2021,24,2,2021,11302,229,Germany,DE,DEU,83166711,Europe
23/02/2021,23,2,2021,10181,219,Germany,DE,DEU,83166711,Europe
22/02/2021,22,2,2021,4404,180,Germany,DE,DEU,83166711,Europe
21/02/2021,21,2,2021,3044,97,Germany,DE,DEU,83166711,Europe
20/02/2021,20,2,2021,7780,158,Germany,DE,DEU,83166711,Europe
19/02/2021,19,2,2021,8726,220,Germany,DE,DEU,83166711,Europe
18/02/2021,18,2,2021,9235,240,Germany,DE,DEU,83166711,Europe
17/02/2021,17,2,2021,10002,273,Germany,DE,DEU,83166711,Europe
16/02/2021,16,2,2021,9245,290,Germany,DE,DEU,83166711,Europe
15/02/2021,15,2,2021,4391,194,Germany,DE,DEU,83166711,Europe
14/02/2021,14,2,2021,3762,106,Germany,DE,DEU,83166711,Europe
13/02/2021,13,2,2021,5594,161,Germany,DE,DEU,83166711,Europe
12/02/2021,12,2,2021,8543,252,Germany,DE,DEU,83166711,Europe
11/02/2021,11,2,2021,9359,305,Germany,DE,DEU,83166711,Europe
10/02/2021,10,2,2021,10278,307,Germany,DE,DEU,83166711,Europe
09/02/2021,9,2,2021,9094,304,Germany,DE,DEU,83166711,Europe
08/02/2021,8,2,2021,4187,241,Germany,DE,DEU,83166711,Europe
07/02/2021,7,2,2021,3089,101,Germany,DE,DEU,83166711,Europe
06/02/2021,6,2,2021,8389,239,Germany,DE,DEU,83166711,Europe
05/02/2021,5,2,2021,10007,311,Germany,DE,DEU,83166711,Europe
04/02/2021,4,2,2021,11508,441,Germany,DE,DEU,83166711,Europe
03/02/2021,3,2,2021,13419,443,Germany,DE,DEU,83166711,Europe
02/02/2021,2,2,2021,12304,393,Germany,DE,DEU,83166711,Europe
01/02/2021,1,2,2021,5864,315,Germany,DE,DEU,83166711,Europe
31/01/2021,31,1,2021,4207,189,Germany,DE,DEU,83166711,Europe
30/01/2021,30,1,2021,9944,305,Germany,DE,DEU,83166711,Europe
29/01/2021,29,1,2021,12581,476,Germany,DE,DEU,83166711,Europe
28/01/2021,28,1,2021,13364,482,Germany,DE,DEU,83166711,Europe
27/01/2021,27,1,2021,15820,621,Germany,DE,DEU,83166711,Europe
26/01/2021,26,1,2021,15511,576,Germany,DE,DEU,83166711,Europe
25/01/2021,25,1,2021,6752,429,Germany,DE,DEU,83166711,Europe
24/01/2021,24,1,2021,5024,214,Germany,DE,DEU,83166711,Europe
23/01/2021,23,1,2021,11570,445,Germany,DE,DEU,83166711,Europe
22/01/2021,22,1,2021,15030,632,Germany,DE,DEU,83166711,Europe
21/01/2021,21,1,2021,16808,712,Germany,DE,DEU,83166711,Europe
20/01/2021,20,1,2021,19485,771,Germany,DE,DEU,83166711,Europe
19/01/2021,19,1,2021,18464,765,Germany,DE,DEU,83166711,Europe
18/01/2021,18,1,2021,9164,541,Germany,DE,DEU,83166711,Europe
17/01/2021,17,1,2021,6593,324,Germany,DE,DEU,83166711,Europe
16/01/2021,16,1,2021,13435,538,Germany,DE,DEU,83166711,Europe
15/01/2021,15,1,2021,18301,820,Germany,DE,DEU,83166711,Europe
14/01/2021,14,1,2021,20399,945,Germany,DE,DEU,83166711,Europe
13/01/2021,13,1,2021,24100,967,Germany,DE,DEU,83166711,Europe
12/01/2021,12,1,2021,22585,895,Germany,DE,DEU,83166711,Europe
11/01/2021,11,1,2021,13488,586,Germany,DE,DEU,83166711,Europe
10/01/2021,10,1,2021,8472,424,Germany,DE,DEU,83166711,Europe
09/01/2021,9,1,2021,16661,602,Germany,DE,DEU,83166711,Europe
08/01/2021,8,1,2021,24528,926,Germany,DE,DEU,83166711,Europe
07/01/2021,7,1,2021,26106,1031,Germany,DE,DEU,83166711,Europe
06/01/2021,6,1,2021,27971,916,Germany,DE,DEU,83166711,Europe
05/01/2021,5,1,2021,27431,1041,Germany,DE,DEU,83166711,Europe
04/01/2021,4,1,2021,14307,775,Germany,DE,DEU,83166711,Europe
03/01/2021,3,1,2021,8835,496,Germany,DE,DEU,83166711,Europe
02/01/2021,2,1,2021,10016,589,Germany,DE,DEU,83166711,Europe
01/01/2021,1,1,2021,10273,414,Germany,DE,DEU,83166711,Europe
31/12/2020,31,12,2020,19589,776,Germany,DE,DEU,83166711,Europe
30/12/2020,30,12,2020,31056,1286,Germany,DE,DEU,83166711,Europe
29/12/2020,29,12,2020,27575,1248,Germany,DE,DEU,83166711,Europe
28/12/2020,28,12,2020,15738,894,Germany,DE,DEU,83166711,Europe
27/12/2020,27,12,2020,9806,528,Germany,DE,DEU,83166711,Europe
26/12/2020,26,12,2020,11543,577,Germany,DE,DEU,83166711,Europe
25/12/2020,25,12,2020,13161,509,Germany,DE,DEU,83166711,Europe
24/12/2020,24,12,2020,21160,710,Germany,DE,DEU,83166711,Europe
23/12/2020,23,12,2020,33977,1250,Germany,DE,DEU,83166711,Europe
22/12/2020,22,12,2020,28983,1198,Germany,DE,DEU,83166711,Europe
21/12/2020,21,12,2020,20294,924,Germany,DE,DEU,83166711,Europe
20/12/2020,20,12,2020,13898,544,Germany,DE,DEU,83166711,Europe
19/12/2020,19,12,2020,21697,772,Germany,DE,DEU,83166711,Europe
18/12/2020,18,12,2020,29766,1044,Germany,DE,DEU,83166711,Europe
17/12/2020,17,12,2020,31955,1165,Germany,DE,DEU,83166711,Europe
16/12/2020,16,12,2020,31361,1068,Germany,DE,DEU,83166711,Europe
15/12/2020,15,12,2020,26934,1013,Germany,DE,DEU,83166711,Europe
14/12/2020,14,12,2020,19070,826,Germany,DE,DEU,83166711,Europe
13/12/2020,13,12,2020,12505,516,Germany,DE,DEU,83166711,Europe
12/12/2020,12,12,2020,20606,767,Germany,DE,DEU,83166711,Europe
11/12/2020,11,12,2020,27250,977,Germany,DE,DEU,83166711,Europe
10/12/2020,10,12,2020,29043,1078,Germany,DE,DEU,83166711,Europe
09/12/2020,9,12,2020,27646,848,Germany,DE,DEU,83166711,Europe
08/12/2020,8,12,2020,22793,862,Germany,DE,DEU,83166711,Europe
07/12/2020,7,12,2020,16455,692,Germany,DE,DEU,83166711,Europe
06/12/2020,6,12,2020,10236,360,Germany,DE,DEU,83166711,Europe
05/12/2020,5,12,2020,15726,513,Germany,DE,DEU,83166711,Europe
04/12/2020,4,12,2020,22253,812,Germany,DE,DEU,83166711,Europe
03/12/2020,3,12,2020,24428,851,Germany,DE,DEU,83166711,Europe
02/12/2020,2,12,2020,23195,734,Germany,DE,DEU,83166711,Europe
01/12/2020,1,12,2020,19220,658,Germany,DE,DEU,83166711,Europe
30/11/2020,30,11,2020,13300,537,Germany,DE,DEU,83166711,Europe
29/11/2020,29,11,2020,8784,327,Germany,DE,DEU,83166711,Europe
28/11/2020,28,11,2020,14934,403,Germany,DE,DEU,83166711,Europe
27/11/2020,27,11,2020,20134,626,Germany,DE,DEU,83166711,Europe
26/11/2020,26,11,2020,22757,657,Germany,DE,DEU,83166711,Europe
25/11/2020,25,11,2020,22049,590,Germany,DE,DEU,83166711,Europe
24/11/2020,24,11,2020,19407,509,Germany,DE,DEU,83166711,Europe
23/11/2020,23,11,2020,15072,473,Germany,DE,DEU,83166711,Europe
22/11/2020,22,11,2020,8830,285,Germany,DE,DEU,83166711,Europe
21/11/2020,21,11,2020,14775,344,Germany,DE,DEU,83166711,Europe
20/11/2020,20,11,2020,22292,532,Germany,DE,DEU,83166711,Europe
19/11/2020,19,11,2020,23756,564,Germany,DE,DEU,83166711,Europe
18/11/2020,18,11,2020,23690,532,Germany,DE,DEU,83166711,Europe
17/11/2020,17,11,2020,20351,510,Germany,DE,DEU,83166711,Europe
16/11/2020,16,11,2020,14697,449,Germany,DE,DEU,83166711,Europe
15/11/2020,15,11,2020,8850,224,Germany,DE,DEU,83166711,Europe
14/11/2020,14,11,2020,15792,372,Germany,DE,DEU,83166711,Europe
13/11/2020,13,11,2020,21361,417,Germany,DE,DEU,83166711,Europe
12/11/2020,12,11,2020,23499,430,Germany,DE,DEU,83166711,Europe
11/11/2020,11,11,2020,22710,421,Germany,DE,DEU,83166711,Europe
10/11/2020,10,11,2020,19604,345,Germany,DE,DEU,83166711,Europe
09/11/2020,9,11,2020,15979,321,Germany,DE,DEU,83166711,Europe
08/11/2020,8,11,2020,10139,164,Germany,DE,DEU,83166711,Europe
07/11/2020,7,11,2020,15928,219,Germany,DE,DEU,83166711,Europe
06/11/2020,6,11,2020,21581,253,Germany,DE,DEU,83166711,Europe
05/11/2020,5,11,2020,22277,339,Germany,DE,DEU,83166711,Europe
04/11/2020,4,11,2020,21202,316,Germany,DE,DEU,83166711,Europe
03/11/2020,3,11,2020,19339,329,Germany,DE,DEU,83166711,Europe
02/11/2020,2,11,2020,15250,277,Germany,DE,DEU,83166711,Europe
01/11/2020,1,11,2020,10527,170,Germany,DE,DEU,83166711,Europe
31/10/2020,31,10,2020,14001,195,Germany,DE,DEU,83166711,Europe
30/10/2020,30,10,2020,19407,259,Germany,DE,DEU,83166711,Europe
29/10/2020,29,10,2020,19851,269,Germany,DE,DEU,83166711,Europe
28/10/2020,28,10,2020,19243,249,Germany,DE,DEU,83166711,Europe
27/10/2020,27,10,2020,15948,238,Germany,DE,DEU,83166711,Europe
26/10/2020,26,10,2020,12023,240,Germany,DE,DEU,83166711,Europe
25/10/2020,25,10,2020,7453,127,Germany,DE,DEU,83166711,Europe
24/10/2020,24,10,2020,11099,123,Germany,DE,DEU,83166711,Europe
23/10/2020,23,10,2020,14038,199,Germany,DE,DEU,83166711,Europe
22/10/2020,22,10,2020,13932,207,Germany,DE,DEU,83166711,Europe
21/10/2020,21,10,2020,12410,143,Germany,DE,DEU,83166711,Europe
20/10/2020,20,10,2020,9446,130,Germany,DE,DEU,83166711,Europe
19/10/2020,19,10,2020,6486,87,Germany,DE,DEU,83166711,Europe
18/10/2020,18,10,2020,3681,54,Germany,DE,DEU,83166711,Europe
17/10/2020,17,10,2020,5689,60,Germany,DE,DEU,83166711,Europe
16/10/2020,16,10,2020,7975,90,Germany,DE,DEU,83166711,Europe
15/10/2020,15,10,2020,7907,81,Germany,DE,DEU,83166711,Europe
14/10/2020,14,10,2020,7248,63,Germany,DE,DEU,83166711,Europe
13/10/2020,13,10,2020,5367,56,Germany,DE,DEU,83166711,Europe
12/10/2020,12,10,2020,4190,59,Germany,DE,DEU,83166711,Europe
11/10/2020,11,10,2020,2273,25,Germany,DE,DEU,83166711,Europe
10/10/2020,10,10,2020,3631,39,Germany,DE,DEU,83166711,Europe
09/10/2020,9,10,2020,5061,44,Germany,DE,DEU,83166711,Europe
08/10/2020,8,10,2020,4668,42,Germany,DE,DEU,83166711,Europe
07/10/2020,7,10,2020,4490,35,Germany,DE,DEU,83166711,Europe
06/10/2020,6,10,2020,3589,27,Germany,DE,DEU,83166711,Europe
05/10/2020,5,10,2020,2410,34,Germany,DE,DEU,83166711,Europe
04/10/2020,4,10,2020,1155,9,Germany,DE,DEU,83166711,Europe
03/10/2020,3,10,2020,2196,12,Germany,DE,DEU,83166711,Europe
02/10/2020,2,10,2020,2922,25,Germany,DE,DEU,83166711,Europe
01/10/2020,1,10,2020,2925,26,Germany,DE,DEU,83166711,Europe
30/09/2020,30,9,2020,2733,16,Germany,DE,DEU,83166711,Europe
29/09/2020,29,9,2020,2165,15,Germany,DE,DEU,83166711,Europe
28/09/2020,28,9,2020,1831,19,Germany,DE,DEU,83166711,Europe
27/09/2020,27,9,2020,873,7,Germany,DE,DEU,83166711,Europe
26/09/2020,26,9,2020,1786,26,Germany,DE,DEU,83166711,Europe
25/09/2020,25,9,2020,2333,15,Germany,DE,DEU,83166711,Europe
24/09/2020,24,9,2020,2393,18,Germany,DE,DEU,83166711,Europe
23/09/2020,23,9,2020,2213,11,Germany,DE,DEU,83166711,Europe
22/09/2020,22,9,2020,1814,15,Germany,DE,DEU,83166711,Europe
21/09/2020,21,9,2020,1655,18,Germany,DE,DEU,83166711,Europe
20/09/2020,20,9,2020,690,10,Germany,DE,DEU,83166711,Europe
19/09/2020,19,9,2020,1392,12,Germany,DE,DEU,83166711,Europe
18/09/2020,18,9,2020,2168,15,Germany,DE,DEU,83166711,Europe
17/09/2020,17,9,2020,2355,9,Germany,DE,DEU,83166711,Europe
16/09/2020,16,9,2020,2193,15,Germany,DE,DEU,83166711,Europe
15/09/2020,15,9,2020,2002,16,Germany,DE,DEU,83166711,Europe
14/09/2020,14,9,2020,1486,5,Germany,DE,DEU,83166711,Europe
13/09/2020,13,9,2020,762,8,Germany,DE,DEU,83166711,Europe
12/09/2020,12,9,2020,1223,8,Germany,DE,DEU,83166711,Europe
11/09/2020,11,9,2020,1649,12,Germany,DE,DEU,83166711,Europe
10/09/2020,10,9,2020,1592,6,Germany,DE,DEU,83166711,Europe
09/09/2020,9,9,2020,1747,9,Germany,DE,DEU,83166711,Europe
08/09/2020,8,9,2020,1376,19,Germany,DE,DEU,83166711,Europe
07/09/2020,7,9,2020,1413,6,Germany,DE,DEU,83166711,Europe
06/09/2020,6,9,2020,581,4,Germany,DE,DEU,83166711,Europe
05/09/2020,5,9,2020,1106,8,Germany,DE,DEU,83166711,Europe
04/09/2020,4,9,2020,1494,7,Germany,DE,DEU,83166711,Europe
03/09/2020,3,9,2020,1517,7,Germany,DE,DEU,83166711,Europe
02/09/2020,2,9,2020,1412,3,Germany,DE,DEU,83166711,Europe
01/09/2020,1,9,2020,1317,3,Germany,DE,DEU,83166711,Europe
31/08/2020,31,8,2020,1185,4,Germany,DE,DEU,83166711,Europe
30/08/2020,30,8,2020,537,3,Germany,DE,DEU,83166711,Europe
29/08/2020,29,8,2020,833,2,Germany,DE,DEU,83166711,Europe
28/08/2020,28,8,2020,1391,3,Germany,DE,DEU,83166711,Europe
27/08/2020,27,8,2020,1542,1,Germany,DE,DEU,83166711,Europe
26/08/2020,26,8,2020,1618,2,Germany,DE,DEU,83166711,Europe
25/08/2020,25,8,2020,1486,2,Germany,DE,DEU,83166711,Europe
24/08/2020,24,8,2020,1427,5,Germany,DE,DEU,83166711,Europe
23/08/2020,23,8,2020,566,0,Germany,DE,DEU,83166711,Europe
22/08/2020,22,8,2020,919,2,Germany,DE,DEU,83166711,Europe
21/08/2020,21,8,2020,1655,3,Germany,DE,DEU,83166711,Europe
20/08/2020,20,8,2020,1620,7,Germany,DE,DEU,83166711,Europe
19/08/2020,19,8,2020,1754,1,Germany,DE,DEU,83166711,Europe
18/08/2020,18,8,2020,1533,10,Germany,DE,DEU,83166711,Europe
17/08/2020,17,8,2020,1548,8,Germany,DE,DEU,83166711,Europe
16/08/2020,16,8,2020,494,5,Germany,DE,DEU,83166711,Europe
15/08/2020,15,8,2020,756,4,Germany,DE,DEU,83166711,Europe
14/08/2020,14,8,2020,1376,6,Germany,DE,DEU,83166711,Europe
13/08/2020,13,8,2020,1491,2,Germany,DE,DEU,83166711,Europe
12/08/2020,12,8,2020,1540,10,Germany,DE,DEU,83166711,Europe
11/08/2020,11,8,2020,1193,2,Germany,DE,DEU,83166711,Europe
10/08/2020,10,8,2020,1103,2,Germany,DE,DEU,83166711,Europe
09/08/2020,9,8,2020,320,2,Germany,DE,DEU,83166711,Europe
08/08/2020,8,8,2020,710,2,Germany,DE,DEU,83166711,Europe
07/08/2020,7,8,2020,1005,5,Germany,DE,DEU,83166711,Europe
06/08/2020,6,8,2020,1169,6,Germany,DE,DEU,83166711,Europe
05/08/2020,5,8,2020,1112,3,Germany,DE,DEU,83166711,Europe
04/08/2020,4,8,2020,949,6,Germany,DE,DEU,83166711,Europe
03/08/2020,3,8,2020,797,9,Germany,DE,DEU,83166711,Europe
02/08/2020,2,8,2020,305,1,Germany,DE,DEU,83166711,Europe
01/08/2020,1,8,2020,561,1,Germany,DE,DEU,83166711,Europe
31/07/2020,31,7,2020,914,13,Germany,DE,DEU,83166711,Europe
30/07/2020,30,7,2020,862,5,Germany,DE,DEU,83166711,Europe
29/07/2020,29,7,2020,910,5,Germany,DE,DEU,83166711,Europe
28/07/2020,28,7,2020,756,5,Germany,DE,DEU,83166711,Europe
27/07/2020,27,7,2020,527,7,Germany,DE,DEU,83166711,Europe
26/07/2020,26,7,2020,211,0,Germany,DE,DEU,83166711,Europe
25/07/2020,25,7,2020,542,3,Germany,DE,DEU,83166711,Europe
24/07/2020,24,7,2020,809,10,Germany,DE,DEU,83166711,Europe
23/07/2020,23,7,2020,694,3,Germany,DE,DEU,83166711,Europe
22/07/2020,22,7,2020,699,9,Germany,DE,DEU,83166711,Europe
21/07/2020,21,7,2020,523,4,Germany,DE,DEU,83166711,Europe
20/07/2020,20,7,2020,454,4,Germany,DE,DEU,83166711,Europe
19/07/2020,19,7,2020,179,4,Germany,DE,DEU,83166711,Europe
18/07/2020,18,7,2020,442,0,Germany,DE,DEU,83166711,Europe
17/07/2020,17,7,2020,523,6,Germany,DE,DEU,83166711,Europe
16/07/2020,16,7,2020,555,7,Germany,DE,DEU,83166711,Europe
15/07/2020,15,7,2020,540,6,Germany,DE,DEU,83166711,Europe
14/07/2020,14,7,2020,468,2,Germany,DE,DEU,83166711,Europe
13/07/2020,13,7,2020,327,5,Germany,DE,DEU,83166711,Europe
12/07/2020,12,7,2020,131,1,Germany,DE,DEU,83166711,Europe
11/07/2020,11,7,2020,276,0,Germany,DE,DEU,83166711,Europe
10/07/2020,10,7,2020,425,3,Germany,DE,DEU,83166711,Europe
09/07/2020,9,7,2020,424,5,Germany,DE,DEU,83166711,Europe
08/07/2020,8,7,2020,450,6,Germany,DE,DEU,83166711,Europe
07/07/2020,7,7,2020,392,4,Germany,DE,DEU,83166711,Europe
06/07/2020,6,7,2020,323,6,Germany,DE,DEU,83166711,Europe
05/07/2020,5,7,2020,143,4,Germany,DE,DEU,83166711,Europe
04/07/2020,4,7,2020,293,2,Germany,DE,DEU,83166711,Europe
03/07/2020,3,7,2020,426,6,Germany,DE,DEU,83166711,Europe
02/07/2020,2,7,2020,472,4,Germany,DE,DEU,83166711,Europe
01/07/2020,1,7,2020,482,5,Germany,DE,DEU,83166711,Europe
30/06/2020,30,6,2020,458,1,Germany,DE,DEU,83166711,Europe
29/06/2020,29,6,2020,415,4,Germany,DE,DEU,83166711,Europe
28/06/2020,28,6,2020,201,0,Germany,DE,DEU,83166711,Europe
27/06/2020,27,6,2020,324,2,Germany,DE,DEU,83166711,Europe
26/06/2020,26,6,2020,574,7,Germany,DE,DEU,83166711,Europe
25/06/2020,25,6,2020,567,5,Germany,DE,DEU,83166711,Europe
24/06/2020,24,6,2020,505,2,Germany,DE,DEU,83166711,Europe
23/06/2020,23,6,2020,545,7,Germany,DE,DEU,83166711,Europe
22/06/2020,22,6,2020,443,1,Germany,DE,DEU,83166711,Europe
21/06/2020,21,6,2020,222,3,Germany,DE,DEU,83166711,Europe
20/06/2020,20,6,2020,569,4,Germany,DE,DEU,83166711,Europe
19/06/2020,19,6,2020,994,9,Germany,DE,DEU,83166711,Europe
18/06/2020,18,6,2020,763,3,Germany,DE,DEU,83166711,Europe
17/06/2020,17,6,2020,862,7,Germany,DE,DEU,83166711,Europe
16/06/2020,16,6,2020,518,11,Germany,DE,DEU,83166711,Europe
15/06/2020,15,6,2020,259,4,Germany,DE,DEU,83166711,Europe
14/06/2020,14,6,2020,172,6,Germany,DE,DEU,83166711,Europe
13/06/2020,13,6,2020,299,1,Germany,DE,DEU,83166711,Europe
12/06/2020,12,6,2020,352,11,Germany,DE,DEU,83166711,Europe
11/06/2020,11,6,2020,281,1,Germany,DE,DEU,83166711,Europe
10/06/2020,10,6,2020,518,10,Germany,DE,DEU,83166711,Europe
09/06/2020,9,6,2020,426,1,Germany,DE,DEU,83166711,Europe
08/06/2020,8,6,2020,296,3,Germany,DE,DEU,83166711,Europe
07/06/2020,7,6,2020,164,4,Germany,DE,DEU,83166711,Europe
06/06/2020,6,6,2020,285,5,Germany,DE,DEU,83166711,Europe
05/06/2020,5,6,2020,437,5,Germany,DE,DEU,83166711,Europe
04/06/2020,4,6,2020,527,7,Germany,DE,DEU,83166711,Europe
03/06/2020,3,6,2020,496,11,Germany,DE,DEU,83166711,Europe
02/06/2020,2,6,2020,306,8,Germany,DE,DEU,83166711,Europe
01/06/2020,1,6,2020,137,5,Germany,DE,DEU,83166711,Europe
31/05/2020,31,5,2020,178,3,Germany,DE,DEU,83166711,Europe
30/05/2020,30,5,2020,374,4,Germany,DE,DEU,83166711,Europe
29/05/2020,29,5,2020,445,8,Germany,DE,DEU,83166711,Europe
28/05/2020,28,5,2020,530,9,Germany,DE,DEU,83166711,Europe
27/05/2020,27,5,2020,649,12,Germany,DE,DEU,83166711,Europe
26/05/2020,26,5,2020,618,15,Germany,DE,DEU,83166711,Europe
25/05/2020,25,5,2020,412,13,Germany,DE,DEU,83166711,Europe
24/05/2020,24,5,2020,218,5,Germany,DE,DEU,83166711,Europe
23/05/2020,23,5,2020,337,11,Germany,DE,DEU,83166711,Europe
22/05/2020,22,5,2020,525,16,Germany,DE,DEU,83166711,Europe
21/05/2020,21,5,2020,419,7,Germany,DE,DEU,83166711,Europe
20/05/2020,20,5,2020,830,23,Germany,DE,DEU,83166711,Europe
19/05/2020,19,5,2020,728,27,Germany,DE,DEU,83166711,Europe
18/05/2020,18,5,2020,543,23,Germany,DE,DEU,83166711,Europe
17/05/2020,17,5,2020,316,8,Germany,DE,DEU,83166711,Europe
16/05/2020,16,5,2020,461,20,Germany,DE,DEU,83166711,Europe
15/05/2020,15,5,2020,727,31,Germany,DE,DEU,83166711,Europe
14/05/2020,14,5,2020,808,20,Germany,DE,DEU,83166711,Europe
13/05/2020,13,5,2020,909,27,Germany,DE,DEU,83166711,Europe
12/05/2020,12,5,2020,853,32,Germany,DE,DEU,83166711,Europe
11/05/2020,11,5,2020,684,26,Germany,DE,DEU,83166711,Europe
10/05/2020,10,5,2020,341,14,Germany,DE,DEU,83166711,Europe
09/05/2020,9,5,2020,678,23,Germany,DE,DEU,83166711,Europe
08/05/2020,8,5,2020,978,45,Germany,DE,DEU,83166711,Europe
07/05/2020,7,5,2020,1197,49,Germany,DE,DEU,83166711,Europe
06/05/2020,6,5,2020,1220,40,Germany,DE,DEU,83166711,Europe
05/05/2020,5,5,2020,1089,45,Germany,DE,DEU,83166711,Europe
04/05/2020,4,5,2020,728,41,Germany,DE,DEU,83166711,Europe
03/05/2020,3,5,2020,424,16,Germany,DE,DEU,83166711,Europe
02/05/2020,2,5,2020,620,36,Germany,DE,DEU,83166711,Europe
01/05/2020,1,5,2020,919,48,Germany,DE,DEU,83166711,Europe
30/04/2020,30,4,2020,1462,71,Germany,DE,DEU,83166711,Europe
29/04/2020,29,4,2020,1431,58,Germany,DE,DEU,83166711,Europe
28/04/2020,28,4,2020,1460,83,Germany,DE,DEU,83166711,Europe
27/04/2020,27,4,2020,1118,75,Germany,DE,DEU,83166711,Europe
26/04/2020,26,4,2020,704,30,Germany,DE,DEU,83166711,Europe
25/04/2020,25,4,2020,1271,80,Germany,DE,DEU,83166711,Europe
24/04/2020,24,4,2020,1904,84,Germany,DE,DEU,83166711,Europe
23/04/2020,23,4,2020,2089,117,Germany,DE,DEU,83166711,Europe
22/04/2020,22,4,2020,2488,125,Germany,DE,DEU,83166711,Europe
21/04/2020,21,4,2020,2184,140,Germany,DE,DEU,83166711,Europe
20/04/2020,20,4,2020,1709,150,Germany,DE,DEU,83166711,Europe
19/04/2020,19,4,2020,1375,119,Germany,DE,DEU,83166711,Europe
18/04/2020,18,4,2020,2107,123,Germany,DE,DEU,83166711,Europe
17/04/2020,17,4,2020,3046,174,Germany,DE,DEU,83166711,Europe
16/04/2020,16,4,2020,3416,191,Germany,DE,DEU,83166711,Europe
15/04/2020,15,4,2020,3324,232,Germany,DE,DEU,83166711,Europe
14/04/2020,14,4,2020,2463,218,Germany,DE,DEU,83166711,Europe
13/04/2020,13,4,2020,1597,163,Germany,DE,DEU,83166711,Europe
12/04/2020,12,4,2020,1865,168,Germany,DE,DEU,83166711,Europe
11/04/2020,11,4,2020,2886,201,Germany,DE,DEU,83166711,Europe
10/04/2020,10,4,2020,3356,208,Germany,DE,DEU,83166711,Europe
09/04/2020,9,4,2020,4903,325,Germany,DE,DEU,83166711,Europe
08/04/2020,8,4,2020,5273,344,Germany,DE,DEU,83166711,Europe
07/04/2020,7,4,2020,5186,340,Germany,DE,DEU,83166711,Europe
06/04/2020,6,4,2020,3657,291,Germany,DE,DEU,83166711,Europe
05/04/2020,5,4,2020,2535,182,Germany,DE,DEU,83166711,Europe
04/04/2020,4,4,2020,4342,245,Germany,DE,DEU,83166711,Europe
03/04/2020,3,4,2020,6191,397,Germany,DE,DEU,83166711,Europe
02/04/2020,2,4,2020,6545,418,Germany,DE,DEU,83166711,Europe
01/04/2020,1,4,2020,6255,376,Germany,DE,DEU,83166711,Europe
31/03/2020,31,3,2020,6061,383,Germany,DE,DEU,83166711,Europe
30/03/2020,30,3,2020,4117,267,Germany,DE,DEU,83166711,Europe
29/03/2020,29,3,2020,3076,166,Germany,DE,DEU,83166711,Europe
28/03/2020,28,3,2020,4723,248,Germany,DE,DEU,83166711,Europe
27/03/2020,27,3,2020,5978,264,Germany,DE,DEU,83166711,Europe
26/03/2020,26,3,2020,5901,267,Germany,DE,DEU,83166711,Europe
25/03/2020,25,3,2020,5680,218,Germany,DE,DEU,83166711,Europe
24/03/2020,24,3,2020,4879,168,Germany,DE,DEU,83166711,Europe
23/03/2020,23,3,2020,3729,131,Germany,DE,DEU,83166711,Europe
22/03/2020,22,3,2020,2264,79,Germany,DE,DEU,83166711,Europe
21/03/2020,21,3,2020,3356,95,Germany,DE,DEU,83166711,Europe
20/03/2020,20,3,2020,4049,96,Germany,DE,DEU,83166711,Europe
19/03/2020,19,3,2020,4057,64,Germany,DE,DEU,83166711,Europe
18/03/2020,18,3,2020,3599,63,Germany,DE,DEU,83166711,Europe
17/03/2020,17,3,2020,3025,44,Germany,DE,DEU,83166711,Europe
16/03/2020,16,3,2020,2037,35,Germany,DE,DEU,83166711,Europe
15/03/2020,15,3,2020,981,15,Germany,DE,DEU,83166711,Europe
14/03/2020,14,3,2020,1303,20,Germany,DE,DEU,83166711,Europe
13/03/2020,13,3,2020,1461,16,Germany,DE,DEU,83166711,Europe
12/03/2020,12,3,2020,992,12,Germany,DE,DEU,83166711,Europe
11/03/2020,11,3,2020,756,10,Germany,DE,DEU,83166711,Europe
10/03/2020,10,3,2020,595,4,Germany,DE,DEU,83166711,Europe
09/03/2020,9,3,2020,345,7,Germany,DE,DEU,83166711,Europe
08/03/2020,8,3,2020,103,1,Germany,DE,DEU,83166711,Europe
07/03/2020,7,3,2020,142,4,Germany,DE,DEU,83166711,Europe
06/03/2020,6,3,2020,186,4,Germany,DE,DEU,83166711,Europe
05/03/2020,5,3,2020,187,1,Germany,DE,DEU,83166711,Europe
04/03/2020,4,3,2020,157,2,Germany,DE,DEU,83166711,Europe
03/03/2020,3,3,2020,84,0,Germany,DE,DEU,83166711,Europe
02/03/2020,2,3,2020,41,0,Germany,DE,DEU,83166711,Europe
01/03/2020,1,3,2020,35,0,Germany,DE,DEU,83166711,Europe
29/02/2020,29,2,2020,23,0,Germany,DE,DEU,83166711,Europe
28/02/2020,28,2,2020,47,0,Germany,DE,DEU,83166711,Europe
27/02/2020,27,2,2020,24,0,Germany,DE,DEU,83166711,Europe
26/02/2020,26,2,2020,7,0,Germany,DE,DEU,83166711,Europe
25/02/2020,25,2,2020,3,0,Germany,DE,DEU,83166711,Europe
24/02/2020,24,2,2020,1,0,Germany,DE,DEU,83166711,Europe
20/02/2020,20,2,2020,2,1,Germany,DE,DEU,83166711,Europe
18/02/2020,18,2,2020,1,0,Germany,DE,DEU,83166711,Europe
17/02/2020,17,2,2020,1,0,Germany,DE,DEU,83166711,Europe
15/02/2020,15,2,2020,1,0,Germany,DE,DEU,83166711,Europe
12/02/2020,12,2,2020,1,0,Germany,DE,DEU,83166711,Europe
11/02/2020,11,2,2020,3,0,Germany,DE,DEU,83166711,Europe
10/02/2020,10,2,2020,1,0,Germany,DE,DEU,83166711,Europe
07/02/2020,7,2,2020,1,0,Germany,DE,DEU,83166711,Europe
06/02/2020,6,2,2020,1,0,Germany,DE,DEU,83166711,Europe
05/02/2020,5,2,2020,2,0,Germany,DE,DEU,83166711,Europe
04/02/2020,4,2,2020,4,0,Germany,DE,DEU,83166711,Europe
03/02/2020,3,2,2020,1,0,Germany,DE,DEU,83166711,Europe
01/02/2020,1,2,2020,1,0,Germany,DE,DEU,83166711,Europe
31/01/2020,31,1,2020,5,0,Germany,DE,DEU,83166711,Europe
29/01/2020,29,1,2020,2,0,Germany,DE,DEU,83166711,Europe
28/01/2020,28,1,2020,2,0,Germany,DE,DEU,83166711,Europe
23/01/2020,23,1,2020,1,0,Germany,DE,DEU,83166711,Europe
02/01/2020,2,1,2020,1,0,Germany,DE,DEU,83166711,Europe
